{
  "conduit_power.png": {
    "path": "Assets/Textures/Others/conduit_power.png",
    "x": 0,
    "y": 0,
    "w": 16,
    "h": 16,
    "u0": 0.0,
    "v0": 0.0,
    "u1": 0.0625,
    "v1": 0.0625
  },
  "glow_squid.png": {
    "path": "Assets/Textures/Others/glow_squid.png",
    "x": 16,
    "y": 0,
    "w": 16,
    "h": 16,
    "u0": 0.0625,
    "v0": 0.0,
    "u1": 0.125,
    "v1": 0.0625
  },
  "map_icons.png": {
    "path": "Assets/Textures/Others/map_icons.png",
    "x": 32,
    "y": 0,
    "w": 16,
    "h": 16,
    "u0": 0.125,
    "v0": 0.0,
    "u1": 0.1875,
    "v1": 0.0625
  },
  "squid.png": {
    "path": "Assets/Textures/Others/squid.png",
    "x": 48,
    "y": 0,
    "w": 16,
    "h": 16,
    "u0": 0.1875,
    "v0": 0.0,
    "u1": 0.25,
    "v1": 0.0625
  },
  "accept_icon.png": {
    "path": "Assets/Textures/UI/accept_icon.png",
    "x": 64,
    "y": 0,
    "w": 16,
    "h": 16,
    "u0": 0.25,
    "v0": 0.0,
    "u1": 0.3125,
    "v1": 0.0625
  },
  "accessibility.png": {
    "path": "Assets/Textures/UI/accessibility.png",
    "x": 80,
    "y": 0,
    "w": 16,
    "h": 16,
    "u0": 0.3125,
    "v0": 0.0,
    "u1": 0.375,
    "v1": 0.0625
  },
  "adventure.png": {
    "path": "Assets/Textures/UI/adventure.png",
    "x": 96,
    "y": 0,
    "w": 16,
    "h": 16,
    "u0": 0.375,
    "v0": 0.0,
    "u1": 0.4375,
    "v1": 0.0625
  },
  "anvil.png": {
    "path": "Assets/Textures/UI/anvil.png",
    "x": 112,
    "y": 0,
    "w": 16,
    "h": 16,
    "u0": 0.4375,
    "v0": 0.0,
    "u1": 0.5,
    "v1": 0.0625
  },
  "bars.png": {
    "path": "Assets/Textures/UI/bars.png",
    "x": 128,
    "y": 0,
    "w": 16,
    "h": 16,
    "u0": 0.5,
    "v0": 0.0,
    "u1": 0.5625,
    "v1": 0.0625
  },
  "beacon.png": {
    "path": "Assets/Textures/UI/beacon.png",
    "x": 144,
    "y": 0,
    "w": 16,
    "h": 16,
    "u0": 0.5625,
    "v0": 0.0,
    "u1": 0.625,
    "v1": 0.0625
  },
  "book.png": {
    "path": "Assets/Textures/UI/book.png",
    "x": 0,
    "y": 16,
    "w": 16,
    "h": 16,
    "u0": 0.0,
    "v0": 0.0625,
    "u1": 0.0625,
    "v1": 0.125
  },
  "brewing_stand.png": {
    "path": "Assets/Textures/UI/brewing_stand.png",
    "x": 16,
    "y": 16,
    "w": 16,
    "h": 16,
    "u0": 0.0625,
    "v0": 0.0625,
    "u1": 0.125,
    "v1": 0.125
  },
  "bundle.png": {
    "path": "Assets/Textures/UI/bundle.png",
    "x": 32,
    "y": 16,
    "w": 16,
    "h": 16,
    "u0": 0.125,
    "v0": 0.0625,
    "u1": 0.1875,
    "v1": 0.125
  },
  "cartography_table.png": {
    "path": "Assets/Textures/UI/cartography_table.png",
    "x": 48,
    "y": 16,
    "w": 16,
    "h": 16,
    "u0": 0.1875,
    "v0": 0.0625,
    "u1": 0.25,
    "v1": 0.125
  },
  "chat_tags.png": {
    "path": "Assets/Textures/UI/chat_tags.png",
    "x": 64,
    "y": 16,
    "w": 16,
    "h": 16,
    "u0": 0.25,
    "v0": 0.0625,
    "u1": 0.3125,
    "v1": 0.125
  },
  "checkbox.png": {
    "path": "Assets/Textures/UI/checkbox.png",
    "x": 80,
    "y": 16,
    "w": 16,
    "h": 16,
    "u0": 0.3125,
    "v0": 0.0625,
    "u1": 0.375,
    "v1": 0.125
  },
  "checkmark.png": {
    "path": "Assets/Textures/UI/checkmark.png",
    "x": 96,
    "y": 16,
    "w": 16,
    "h": 16,
    "u0": 0.375,
    "v0": 0.0625,
    "u1": 0.4375,
    "v1": 0.125
  },
  "configure_icon.png": {
    "path": "Assets/Textures/UI/configure_icon.png",
    "x": 112,
    "y": 16,
    "w": 16,
    "h": 16,
    "u0": 0.4375,
    "v0": 0.0625,
    "u1": 0.5,
    "v1": 0.125
  },
  "cross_icon.png": {
    "path": "Assets/Textures/UI/cross_icon.png",
    "x": 128,
    "y": 16,
    "w": 16,
    "h": 16,
    "u0": 0.5,
    "v0": 0.0625,
    "u1": 0.5625,
    "v1": 0.125
  },
  "cross_player_icon.png": {
    "path": "Assets/Textures/UI/cross_player_icon.png",
    "x": 144,
    "y": 16,
    "w": 16,
    "h": 16,
    "u0": 0.5625,
    "v0": 0.0625,
    "u1": 0.625,
    "v1": 0.125
  },
  "darken.png": {
    "path": "Assets/Textures/UI/darken.png",
    "x": 0,
    "y": 32,
    "w": 16,
    "h": 16,
    "u0": 0.0,
    "v0": 0.125,
    "u1": 0.0625,
    "v1": 0.1875
  },
  "demo_background.png": {
    "path": "Assets/Textures/UI/demo_background.png",
    "x": 16,
    "y": 32,
    "w": 16,
    "h": 16,
    "u0": 0.0625,
    "v0": 0.125,
    "u1": 0.125,
    "v1": 0.1875
  },
  "edition.png": {
    "path": "Assets/Textures/UI/edition.png",
    "x": 32,
    "y": 32,
    "w": 16,
    "h": 16,
    "u0": 0.125,
    "v0": 0.125,
    "u1": 0.1875,
    "v1": 0.1875
  },
  "empty_frame.png": {
    "path": "Assets/Textures/UI/empty_frame.png",
    "x": 48,
    "y": 32,
    "w": 16,
    "h": 16,
    "u0": 0.1875,
    "v0": 0.125,
    "u1": 0.25,
    "v1": 0.1875
  },
  "enchanting_table.png": {
    "path": "Assets/Textures/UI/enchanting_table.png",
    "x": 64,
    "y": 32,
    "w": 16,
    "h": 16,
    "u0": 0.25,
    "v0": 0.125,
    "u1": 0.3125,
    "v1": 0.1875
  },
  "end.png": {
    "path": "Assets/Textures/UI/end.png",
    "x": 80,
    "y": 32,
    "w": 16,
    "h": 16,
    "u0": 0.3125,
    "v0": 0.125,
    "u1": 0.375,
    "v1": 0.1875
  },
  "experience.png": {
    "path": "Assets/Textures/UI/experience.png",
    "x": 96,
    "y": 32,
    "w": 16,
    "h": 16,
    "u0": 0.375,
    "v0": 0.125,
    "u1": 0.4375,
    "v1": 0.1875
  },
  "expired_icon.png": {
    "path": "Assets/Textures/UI/expired_icon.png",
    "x": 112,
    "y": 32,
    "w": 16,
    "h": 16,
    "u0": 0.4375,
    "v0": 0.125,
    "u1": 0.5,
    "v1": 0.1875
  },
  "expires_soon_icon.png": {
    "path": "Assets/Textures/UI/expires_soon_icon.png",
    "x": 128,
    "y": 32,
    "w": 16,
    "h": 16,
    "u0": 0.5,
    "v0": 0.125,
    "u1": 0.5625,
    "v1": 0.1875
  },
  "gamemode_switcher.png": {
    "path": "Assets/Textures/UI/gamemode_switcher.png",
    "x": 144,
    "y": 32,
    "w": 16,
    "h": 16,
    "u0": 0.5625,
    "v0": 0.125,
    "u1": 0.625,
    "v1": 0.1875
  },
  "generic_54.png": {
    "path": "Assets/Textures/UI/generic_54.png",
    "x": 0,
    "y": 48,
    "w": 16,
    "h": 16,
    "u0": 0.0,
    "v0": 0.1875,
    "u1": 0.0625,
    "v1": 0.25
  },
  "hopper.png": {
    "path": "Assets/Textures/UI/hopper.png",
    "x": 16,
    "y": 48,
    "w": 16,
    "h": 16,
    "u0": 0.0625,
    "v0": 0.1875,
    "u1": 0.125,
    "v1": 0.25
  },
  "horse.png": {
    "path": "Assets/Textures/UI/horse.png",
    "x": 32,
    "y": 48,
    "w": 16,
    "h": 16,
    "u0": 0.125,
    "v0": 0.1875,
    "u1": 0.1875,
    "v1": 0.25
  },
  "husbandry.png": {
    "path": "Assets/Textures/UI/husbandry.png",
    "x": 48,
    "y": 48,
    "w": 16,
    "h": 16,
    "u0": 0.1875,
    "v0": 0.1875,
    "u1": 0.25,
    "v1": 0.25
  },
  "icons.png": {
    "path": "Assets/Textures/UI/icons.png",
    "x": 64,
    "y": 48,
    "w": 16,
    "h": 16,
    "u0": 0.25,
    "v0": 0.1875,
    "u1": 0.3125,
    "v1": 0.25
  },
  "inspiration.png": {
    "path": "Assets/Textures/UI/inspiration.png",
    "x": 80,
    "y": 48,
    "w": 16,
    "h": 16,
    "u0": 0.3125,
    "v0": 0.1875,
    "u1": 0.375,
    "v1": 0.25
  },
  "invitation_icons.png": {
    "path": "Assets/Textures/UI/invitation_icons.png",
    "x": 96,
    "y": 48,
    "w": 16,
    "h": 16,
    "u0": 0.375,
    "v0": 0.1875,
    "u1": 0.4375,
    "v1": 0.25
  },
  "invite_icon.png": {
    "path": "Assets/Textures/UI/invite_icon.png",
    "x": 112,
    "y": 48,
    "w": 16,
    "h": 16,
    "u0": 0.4375,
    "v0": 0.1875,
    "u1": 0.5,
    "v1": 0.25
  },
  "isles.png": {
    "path": "Assets/Textures/UI/isles.png",
    "x": 128,
    "y": 48,
    "w": 16,
    "h": 16,
    "u0": 0.5,
    "v0": 0.1875,
    "u1": 0.5625,
    "v1": 0.25
  },
  "leave_icon.png": {
    "path": "Assets/Textures/UI/leave_icon.png",
    "x": 144,
    "y": 48,
    "w": 16,
    "h": 16,
    "u0": 0.5625,
    "v0": 0.1875,
    "u1": 0.625,
    "v1": 0.25
  },
  "link_icons.png": {
    "path": "Assets/Textures/UI/link_icons.png",
    "x": 0,
    "y": 64,
    "w": 16,
    "h": 16,
    "u0": 0.0,
    "v0": 0.25,
    "u1": 0.0625,
    "v1": 0.3125
  },
  "loom.png": {
    "path": "Assets/Textures/UI/loom.png",
    "x": 16,
    "y": 64,
    "w": 16,
    "h": 16,
    "u0": 0.0625,
    "v0": 0.25,
    "u1": 0.125,
    "v1": 0.3125
  },
  "mojangstudios.png": {
    "path": "Assets/Textures/UI/mojangstudios.png",
    "x": 32,
    "y": 64,
    "w": 16,
    "h": 16,
    "u0": 0.125,
    "v0": 0.25,
    "u1": 0.1875,
    "v1": 0.3125
  },
  "nether.png": {
    "path": "Assets/Textures/UI/nether.png",
    "x": 48,
    "y": 64,
    "w": 16,
    "h": 16,
    "u0": 0.1875,
    "v0": 0.25,
    "u1": 0.25,
    "v1": 0.3125
  },
  "news_icon.png": {
    "path": "Assets/Textures/UI/news_icon.png",
    "x": 64,
    "y": 64,
    "w": 16,
    "h": 16,
    "u0": 0.25,
    "v0": 0.25,
    "u1": 0.3125,
    "v1": 0.3125
  },
  "news_notification_mainscreen.png": {
    "path": "Assets/Textures/UI/news_notification_mainscreen.png",
    "x": 80,
    "y": 64,
    "w": 16,
    "h": 16,
    "u0": 0.3125,
    "v0": 0.25,
    "u1": 0.375,
    "v1": 0.3125
  },
  "off_icon.png": {
    "path": "Assets/Textures/UI/off_icon.png",
    "x": 96,
    "y": 64,
    "w": 16,
    "h": 16,
    "u0": 0.375,
    "v0": 0.25,
    "u1": 0.4375,
    "v1": 0.3125
  },
  "on_icon.png": {
    "path": "Assets/Textures/UI/on_icon.png",
    "x": 112,
    "y": 64,
    "w": 16,
    "h": 16,
    "u0": 0.4375,
    "v0": 0.25,
    "u1": 0.5,
    "v1": 0.3125
  },
  "op_icon.png": {
    "path": "Assets/Textures/UI/op_icon.png",
    "x": 128,
    "y": 64,
    "w": 16,
    "h": 16,
    "u0": 0.5,
    "v0": 0.25,
    "u1": 0.5625,
    "v1": 0.3125
  },
  "options_background.png": {
    "path": "Assets/Textures/UI/options_background.png",
    "x": 144,
    "y": 64,
    "w": 16,
    "h": 16,
    "u0": 0.5625,
    "v0": 0.25,
    "u1": 0.625,
    "v1": 0.3125
  },
  "panorama_0.png": {
    "path": "Assets/Textures/UI/panorama_0.png",
    "x": 0,
    "y": 80,
    "w": 16,
    "h": 16,
    "u0": 0.0,
    "v0": 0.3125,
    "u1": 0.0625,
    "v1": 0.375
  },
  "panorama_1.png": {
    "path": "Assets/Textures/UI/panorama_1.png",
    "x": 16,
    "y": 80,
    "w": 16,
    "h": 16,
    "u0": 0.0625,
    "v0": 0.3125,
    "u1": 0.125,
    "v1": 0.375
  },
  "panorama_2.png": {
    "path": "Assets/Textures/UI/panorama_2.png",
    "x": 32,
    "y": 80,
    "w": 16,
    "h": 16,
    "u0": 0.125,
    "v0": 0.3125,
    "u1": 0.1875,
    "v1": 0.375
  },
  "panorama_3.png": {
    "path": "Assets/Textures/UI/panorama_3.png",
    "x": 48,
    "y": 80,
    "w": 16,
    "h": 16,
    "u0": 0.1875,
    "v0": 0.3125,
    "u1": 0.25,
    "v1": 0.375
  },
  "panorama_4.png": {
    "path": "Assets/Textures/UI/panorama_4.png",
    "x": 64,
    "y": 80,
    "w": 16,
    "h": 16,
    "u0": 0.25,
    "v0": 0.3125,
    "u1": 0.3125,
    "v1": 0.375
  },
  "panorama_5.png": {
    "path": "Assets/Textures/UI/panorama_5.png",
    "x": 80,
    "y": 80,
    "w": 16,
    "h": 16,
    "u0": 0.3125,
    "v0": 0.3125,
    "u1": 0.375,
    "v1": 0.375
  },
  "panorama_overlay.png": {
    "path": "Assets/Textures/UI/panorama_overlay.png",
    "x": 96,
    "y": 80,
    "w": 16,
    "h": 16,
    "u0": 0.375,
    "v0": 0.3125,
    "u1": 0.4375,
    "v1": 0.375
  },
  "plus_icon.png": {
    "path": "Assets/Textures/UI/plus_icon.png",
    "x": 112,
    "y": 80,
    "w": 16,
    "h": 16,
    "u0": 0.4375,
    "v0": 0.3125,
    "u1": 0.5,
    "v1": 0.375
  },
  "popup.png": {
    "path": "Assets/Textures/UI/popup.png",
    "x": 128,
    "y": 80,
    "w": 16,
    "h": 16,
    "u0": 0.5,
    "v0": 0.3125,
    "u1": 0.5625,
    "v1": 0.375
  },
  "realms.png": {
    "path": "Assets/Textures/UI/realms.png",
    "x": 144,
    "y": 80,
    "w": 16,
    "h": 16,
    "u0": 0.5625,
    "v0": 0.3125,
    "u1": 0.625,
    "v1": 0.375
  },
  "recipe_book.png": {
    "path": "Assets/Textures/UI/recipe_book.png",
    "x": 0,
    "y": 96,
    "w": 16,
    "h": 16,
    "u0": 0.0,
    "v0": 0.375,
    "u1": 0.0625,
    "v1": 0.4375
  },
  "recipe_button.png": {
    "path": "Assets/Textures/UI/recipe_button.png",
    "x": 16,
    "y": 96,
    "w": 16,
    "h": 16,
    "u0": 0.0625,
    "v0": 0.375,
    "u1": 0.125,
    "v1": 0.4375
  },
  "reject_icon.png": {
    "path": "Assets/Textures/UI/reject_icon.png",
    "x": 32,
    "y": 96,
    "w": 16,
    "h": 16,
    "u0": 0.125,
    "v0": 0.375,
    "u1": 0.1875,
    "v1": 0.4375
  },
  "report_button.png": {
    "path": "Assets/Textures/UI/report_button.png",
    "x": 48,
    "y": 96,
    "w": 16,
    "h": 16,
    "u0": 0.1875,
    "v0": 0.375,
    "u1": 0.25,
    "v1": 0.4375
  },
  "resource_packs.png": {
    "path": "Assets/Textures/UI/resource_packs.png",
    "x": 64,
    "y": 96,
    "w": 16,
    "h": 16,
    "u0": 0.25,
    "v0": 0.375,
    "u1": 0.3125,
    "v1": 0.4375
  },
  "restore_icon.png": {
    "path": "Assets/Textures/UI/restore_icon.png",
    "x": 80,
    "y": 96,
    "w": 16,
    "h": 16,
    "u0": 0.3125,
    "v0": 0.375,
    "u1": 0.375,
    "v1": 0.4375
  },
  "server_selection.png": {
    "path": "Assets/Textures/UI/server_selection.png",
    "x": 96,
    "y": 96,
    "w": 16,
    "h": 16,
    "u0": 0.375,
    "v0": 0.375,
    "u1": 0.4375,
    "v1": 0.4375
  },
  "shulker_box.png": {
    "path": "Assets/Textures/UI/shulker_box.png",
    "x": 112,
    "y": 96,
    "w": 16,
    "h": 16,
    "u0": 0.4375,
    "v0": 0.375,
    "u1": 0.5,
    "v1": 0.4375
  },
  "slot_frame.png": {
    "path": "Assets/Textures/UI/slot_frame.png",
    "x": 128,
    "y": 96,
    "w": 16,
    "h": 16,
    "u0": 0.5,
    "v0": 0.375,
    "u1": 0.5625,
    "v1": 0.4375
  },
  "smithing.png": {
    "path": "Assets/Textures/UI/smithing.png",
    "x": 144,
    "y": 96,
    "w": 16,
    "h": 16,
    "u0": 0.5625,
    "v0": 0.375,
    "u1": 0.625,
    "v1": 0.4375
  },
  "smoker.png": {
    "path": "Assets/Textures/UI/smoker.png",
    "x": 0,
    "y": 112,
    "w": 16,
    "h": 16,
    "u0": 0.0,
    "v0": 0.4375,
    "u1": 0.0625,
    "v1": 0.5
  },
  "social_interactions.png": {
    "path": "Assets/Textures/UI/social_interactions.png",
    "x": 16,
    "y": 112,
    "w": 16,
    "h": 16,
    "u0": 0.0625,
    "v0": 0.4375,
    "u1": 0.125,
    "v1": 0.5
  },
  "spectator_widgets.png": {
    "path": "Assets/Textures/UI/spectator_widgets.png",
    "x": 32,
    "y": 112,
    "w": 16,
    "h": 16,
    "u0": 0.125,
    "v0": 0.4375,
    "u1": 0.1875,
    "v1": 0.5
  },
  "stats_icons.png": {
    "path": "Assets/Textures/UI/stats_icons.png",
    "x": 48,
    "y": 112,
    "w": 16,
    "h": 16,
    "u0": 0.1875,
    "v0": 0.4375,
    "u1": 0.25,
    "v1": 0.5
  },
  "stream_indicator.png": {
    "path": "Assets/Textures/UI/stream_indicator.png",
    "x": 64,
    "y": 112,
    "w": 16,
    "h": 16,
    "u0": 0.25,
    "v0": 0.4375,
    "u1": 0.3125,
    "v1": 0.5
  },
  "survival_spawn.png": {
    "path": "Assets/Textures/UI/survival_spawn.png",
    "x": 80,
    "y": 112,
    "w": 16,
    "h": 16,
    "u0": 0.3125,
    "v0": 0.4375,
    "u1": 0.375,
    "v1": 0.5
  },
  "tabs.png": {
    "path": "Assets/Textures/UI/tabs.png",
    "x": 96,
    "y": 112,
    "w": 16,
    "h": 16,
    "u0": 0.375,
    "v0": 0.4375,
    "u1": 0.4375,
    "v1": 0.5
  },
  "toasts.png": {
    "path": "Assets/Textures/UI/toasts.png",
    "x": 112,
    "y": 112,
    "w": 16,
    "h": 16,
    "u0": 0.4375,
    "v0": 0.4375,
    "u1": 0.5,
    "v1": 0.5
  },
  "trailer_icons.png": {
    "path": "Assets/Textures/UI/trailer_icons.png",
    "x": 128,
    "y": 112,
    "w": 16,
    "h": 16,
    "u0": 0.5,
    "v0": 0.4375,
    "u1": 0.5625,
    "v1": 0.5
  },
  "trial_icon.png": {
    "path": "Assets/Textures/UI/trial_icon.png",
    "x": 144,
    "y": 112,
    "w": 16,
    "h": 16,
    "u0": 0.5625,
    "v0": 0.4375,
    "u1": 0.625,
    "v1": 0.5
  },
  "upload.png": {
    "path": "Assets/Textures/UI/upload.png",
    "x": 0,
    "y": 128,
    "w": 16,
    "h": 16,
    "u0": 0.0,
    "v0": 0.5,
    "u1": 0.0625,
    "v1": 0.5625
  },
  "user_icon.png": {
    "path": "Assets/Textures/UI/user_icon.png",
    "x": 16,
    "y": 128,
    "w": 16,
    "h": 16,
    "u0": 0.0625,
    "v0": 0.5,
    "u1": 0.125,
    "v1": 0.5625
  },
  "villager2.png": {
    "path": "Assets/Textures/UI/villager2.png",
    "x": 32,
    "y": 128,
    "w": 16,
    "h": 16,
    "u0": 0.125,
    "v0": 0.5,
    "u1": 0.1875,
    "v1": 0.5625
  },
  "widgets.png": {
    "path": "Assets/Textures/UI/widgets.png",
    "x": 48,
    "y": 128,
    "w": 16,
    "h": 16,
    "u0": 0.1875,
    "v0": 0.5,
    "u1": 0.25,
    "v1": 0.5625
  },
  "window.png": {
    "path": "Assets/Textures/UI/window.png",
    "x": 64,
    "y": 128,
    "w": 16,
    "h": 16,
    "u0": 0.25,
    "v0": 0.5,
    "u1": 0.3125,
    "v1": 0.5625
  }
}