{
  "furnace_minecart.png": {
    "path": "Assets/Textures/Items/furnace_minecart.png",
    "x": 0,
    "y": 0,
    "w": 16,
    "h": 16,
    "u0": 0.0,
    "v0": 0.0,
    "u1": 0.25,
    "v1": 0.5
  },
  "blast_furnace.png": {
    "path": "Assets/Textures/UI/blast_furnace.png",
    "x": 16,
    "y": 0,
    "w": 16,
    "h": 16,
    "u0": 0.25,
    "v0": 0.0,
    "u1": 0.5,
    "v1": 0.5
  },
  "crafting_table.png": {
    "path": "Assets/Textures/UI/crafting_table.png",
    "x": 32,
    "y": 0,
    "w": 16,
    "h": 16,
    "u0": 0.5,
    "v0": 0.0,
    "u1": 0.75,
    "v1": 0.5
  },
  "dispenser.png": {
    "path": "Assets/Textures/UI/dispenser.png",
    "x": 0,
    "y": 16,
    "w": 16,
    "h": 16,
    "u0": 0.0,
    "v0": 0.5,
    "u1": 0.25,
    "v1": 1.0
  },
  "furnace.png": {
    "path": "Assets/Textures/UI/furnace.png",
    "x": 16,
    "y": 16,
    "w": 16,
    "h": 16,
    "u0": 0.25,
    "v0": 0.5,
    "u1": 0.5,
    "v1": 1.0
  }
}